location,lat,lon
1900 S  LONGWOOD                     AV,34.0375,-118.3506
1000 S  FLOWER                       ST,34.0444,-118.2628
1400 W  37TH                         ST,34.021,-118.3002
14000    RIVERSIDE                    DR,34.1576,-118.4387
1900    TRANSIENT,34.0944,-118.3277
9900    COMPTON                      AV,33.9467,-118.2463
1100 S  GRAND                        AV,34.0415,-118.262
2500 S  SYCAMORE                     AV,34.0335,-118.3537
1300 E  57TH                         ST,33.9911,-118.2521
9000    CEDROS                       AV,34.2336,-118.4535
100 W  COLDEN                       AV,33.9492,-118.2739
13400    RANGOON                      ST,34.2285,-118.4258
900 N  MARIPOSA                     AV,34.0868,-118.2991
VALJEAN                      ST,34.1939,-118.4859
900 S  LAKE                         ST,34.0539,-118.2799
4200    SANTO TOMAS                  DR,34.0103,-118.3456
400 W  90TH                         ST,33.9551,-118.2814
4000    WALL                         ST,34.0112,-118.2716
4500    LOMITA                       ST,34.0452,-118.3351
5200    GENESTA                      AV,34.166,-118.5033
800 S  TREMAINE                     AV,34.0608,-118.3359
16700    MONTE HERMOSO                DR,34.0677,-118.552
8500    COLUMBUS                     AV,34.2246,-118.4654
1700 S  WESTMORELAND                 AV,34.0433,-118.2892
200 E  AVENUE 28,34.082,-118.213
21000    VANOWEN                      ST,34.1938,-118.5906
2800    WAVERLY                      DR,34.1084,-118.2639
7700    SAUSALITO                    AV,34.2105,-118.6157
1600 W  67TH                         ST,33.9785,-118.3068
1200 S  WESTGATE                     AV,34.0474,-118.4635
6200    4TH                          AV,33.9837,-118.3216
100 E  85TH                         ST,33.961,-118.2739
2800 E  OBSERVATORY                  RD,34.1192,-118.3004
WASHINGTON                   PL,34.0022,-118.4255
200 S  CORONADO                     ST,34.0697,-118.2779
7800 S  SAN PEDRO                    ST,33.9679,-118.2695
8700    ORCHARD                      AV,33.9587,-118.2882
5700    CARTWRIGHT                   AV,34.174,-118.3638
3400    PERCY                        ST,34.0286,-118.1996
8700    TOBIAS                       AV,34.228,-118.4517
17900    EMELITA                      ST,34.1776,-118.523
700 E  73RD                         ST,33.9739,-118.263
1100 W  6TH                          ST,34.0541,-118.2621
5700    COLFAX                       AV,34.174,-118.3878
2700 S  CENTRAL                      AV,34.0174,-118.2621
15200    LA MAIDA                     ST,34.1585,-118.464
14500    WILLOWGREEN                  LN,34.3194,-118.4518
1400 W  25TH                         ST,34.0337,-118.2915
500 W  75TH                         ST,33.9717,-118.2827
2300 S  MEYLER                       ST,33.7234,-118.2968
1200 W  7TH                          ST,34.0552,-118.2675
11100    HERRICK                      AV,34.2713,-118.415
6700    BAKMAN                       AV,34.1925,-118.3779
7200    FRANKLIN                     AV,34.1146,-118.3607
3300    GLENDALE                     BL,34.1142,-118.2652
17100    CHATSWORTH                   ST,34.2648,-118.5055
4900 W  WASHINGTON                   BL,34.0431,-118.3482
2600 E  4TH                          ST,34.0395,-118.2093
800 S  HOPE                         ST,34.0466,-118.259
6200    HOLLYWOOD                    BL,34.103,-118.3225
6TH                          ST,34.0403,-118.2421
1700    COMSTOCK                     AV,34.0596,-118.4233
9300    TAMPA                        AV,34.244,-118.5583
2800    COLORADO                     BL,34.1428,-118.2261
17400    NORDHOFF                     ST,34.2394,-118.5112
14600    NURMI                        ST,34.307,-118.4521
500 W  108TH                        ST,33.9383,-118.2826
18600    PRAIRIE                      ST,34.2442,-118.5362
7400    JAMIESON                     AV,34.2048,-118.5219
15400    EL CAJON                     ST,34.3054,-118.4681
12600 W  JEFFERSON                    BL,33.9788,-118.4151
8300 S  HARVARD                      BL,33.9636,-118.3068
10800    HORTENSE                     ST,34.1548,-118.3662
12700    PACIFIC                      AV,33.9993,-118.4397
5900    CARPENTER                    AV,34.1776,-118.3889
1500 E  112TH                        ST,33.9332,-118.2485
6400    8TH                          AV,33.9821,-118.3318
2600    CARMONA                      AV,34.0325,-118.3639
90TH,33.9547,-118.2717
13600    MARINA POINT                 DR,33.9876,-118.4489
10900    BLUFFSIDE                    DR,34.1412,-118.3681
1300    ANGELINA                     ST,34.0648,-118.2559
1300 W  37TH                         DR,34.0191,-118.2977
2200 E  111TH                        ST,33.9345,-118.2329
2500 W  OLYMPIC                      BL,34.0524,-118.2842
5500 S  VERMONT                      AV,33.9921,-118.298
6500    WOODMAN                      AV,34.1887,-118.4313
6000    DONNA                        AV,34.1787,-118.5475
4500    CEZANNE                      AV,34.1484,-118.6033
VERMONT                      AV,34.0055,-118.2915
5500    GEER                         ST,34.0301,-118.3636
9900    LEMONA                       AV,34.2573,-118.463
7500    LAUREL CANYON                BL,34.2071,-118.3965
5100 W  21ST                         ST,34.0394,-118.3541
3600    TRACY                        ST,34.1037,-118.2722
1300 S  ALVARADO                     ST,34.0473,-118.2827
18400    PLUMMER                      ST,34.2428,-118.5338
100 W  AVENUE 44,34.0951,-118.208
100 S  FLORES                       ST,34.0744,-118.3711
5300    CLEON                        AV,34.167,-118.3686
6600    PEACH                        AV,34.1903,-118.4676
4600    WESLEY                       AV,34.0016,-118.2878
200 S  VENDOME                      ST,34.0689,-118.2841
4200    CLAYTON                      AV,34.1,-118.2819
1500 S  GRAMERCY                     PL,34.0453,-118.313
1400 E  20TH                         ST,34.0218,-118.249
3600    KEYSTONE                     AV,34.0238,-118.4095
11100    DENSMORE                     AV,34.2728,-118.4788
8600    LANGDON                      AV,34.2265,-118.4699
700    WITMER                       ST,34.0524,-118.2678
WILTON,34.0928,-118.3136
200 W  60TH                         ST,33.9851,-118.2765
12600    OTSEGO                       ST,34.1631,-118.4074
200 W  62ND                         ST,33.9833,-118.2765
600 N  FRIES                        AV,33.777,-118.2648
10900    BLIX                         ST,34.1567,-118.368
800 W  1ST                          ST,34.057,-118.2508
800 W  83RD                         ST,33.9636,-118.2871
4800 S  SAN PEDRO                    ST,33.9994,-118.2696
1600 W  206TH                        ST,33.8438,-118.3066
8100    WILLOW GLEN                  RD,34.1162,-118.3738
11300    OTSEGO                       ST,34.163,-118.3774
4600 S  MAIN                         ST,34.002,-118.274
7900    SAUSALITO                    AV,34.2141,-118.6157
17900    SHERMAN                      WY,34.2009,-118.5229
9700    PINEWOOD                     AV,34.2452,-118.2855
2000 E  115TH                        ST,33.9305,-118.2363
4600 S  BROADWAY,34.002,-118.2783
4200    VENTURA CANYON               AV,34.1464,-118.4294
100 W  70TH                         ST,33.9765,-118.2739
400 S  CATALINA                     ST,34.0672,-118.2954
CANTERBURY,34.2373,-118.4327
700 S  SPRING                       ST,34.0438,-118.2547
2700 S  GRAND                        AV,34.0254,-118.2729
14700    BLYTHE                       ST,34.2152,-118.4531
12100    MERCER                       ST,34.2865,-118.3976
900 S  MAIN                         ST,34.0416,-118.255
1000    WILCOX                       AV,34.0889,-118.331
200 S  LAKE                         ST,34.0663,-118.2719
18600    VENTURA                      BL,34.1698,-118.5386
6800    ALABAMA                      AV,34.1937,-118.599
600 S  UNION                        AV,34.0565,-118.2724
100 W  108TH                        ST,33.9401,-118.2761
700 N  GENESEE                      AV,34.0838,-118.3584
200    WITMER                       ST,34.061,-118.2615
200 W  MANCHESTER                   AV,33.9601,-118.2768
100 N  CROFT                        AV,34.0745,-118.3742
7500 S  SAN PEDRO                    ST,33.9722,-118.2696
SHERMAN                      WY,34.2012,-118.5133
SHIRLEY,34.2204,-118.5579
CAMPUS CENTER                DR,33.9775,-118.4065
10400 S  VERMONT                      AV,33.9423,-118.2916
3400    GARNET                       ST,34.0231,-118.2039
6500    INDEPENDENCE                 AV,34.1889,-118.5905
5200 S  MANHATTAN                    PL,33.9951,-118.3102
300 S  WEYMOUTH                     AV,33.7421,-118.3102
800    HILGARD                      AV,34.0664,-118.4397
9400    KESTER                       AV,34.2412,-118.4558
6300    MORSE                        AV,34.1864,-118.4159
8300 S  HOOVER                       ST,33.9633,-118.2871
8800    HAAS                         AV,33.958,-118.317
17600    BLACKHAWK                    ST,34.2586,-118.5169
400 N  FULLER                       AV,34.0783,-118.3498
800 W  19TH                         ST,33.727,-118.2946
4700    BURNET                       AV,34.1559,-118.4629
19200    HAYNES                       ST,34.1896,-118.5515
3200 S  SAN PEDRO                    ST,34.017,-118.2643
6800    10TH                         AV,33.9773,-118.3279
9700 S  CENTRAL                      AV,33.9482,-118.2541
6600    RESEDA                       BL,34.1958,-118.5399
1500 W  MARTIN LUTHER KING JR        BL,34.0108,-118.3135
200 E  84TH                         PL,33.9619,-118.2717
1700 N  LAS PALMAS                   AV,34.1016,-118.3361
900 E  82ND                         ST,33.9647,-118.2586
500    SAN JUAN                     AV,33.9921,-118.4692
300 S  HOPE                         ST,34.0537,-118.2523
700 N  ALFRED                       ST,34.0836,-118.3753
100 N  FULLER                       AV,34.0736,-118.3498
4600    VAN NUYS                     BL,34.1548,-118.4487
GLORIA,34.1961,-118.4793
8300    WHITE OAK                    AV,34.221,-118.5186
3100    WINTER                       ST,34.0468,-118.1964
1400 W  47TH                         ST,34.001,-118.3002
1200    WESTERLY                     TR,34.0845,-118.2726
10200    RUTHELEN                     ST,33.944,-118.3123
6400    VAN NUYS                     BL,34.1867,-118.4487
700 S  KINGSLEY                     DR,34.0582,-118.3031
200 S  NORMANDIE                    AV,34.0726,-118.3029
3300    SAN MARINO                   ST,34.0545,-118.3031
1300 W  MANCHESTER                   AV,33.96,-118.2986
1900 S  BURNSIDE                     AV,34.0419,-118.3572
1200 E  46TH                         ST,34.0021,-118.2541
10300    LINDLEY                      AV,34.2573,-118.5273
KENMORE                      ST,34.0953,-118.2974
2200    LILLYVALE                    AV,34.0711,-118.1643
3000 W  AVENUE 32,34.115,-118.2416
8700    VAN NUYS                     BL,34.2276,-118.45
500 W  92ND                         ST,33.9528,-118.2827
7900    SAN FERNANDO                 RD,34.214,-118.3616
11700    THUNDERBIRD                  AV,34.2854,-118.5601
900 E  43RD                         PL,34.0048,-118.2599
3300 W  66TH                         ST,33.9797,-118.3294
9000    WILLIS                       AV,34.2337,-118.4553
12TH                         ST,34.0337,-118.2533
500 W  8TH                          ST,33.737,-118.2879
300 W  ADAMS                        BL,34.0289,-118.2686
4200    FOUNTAIN                     AV,34.0993,-118.2837
1400 W  227TH                        ST,33.8201,-118.3015
3100    CHEVIOT VISTA                PL,34.0309,-118.4147
12300    EMELITA                      ST,34.1763,-118.4013
800 E  75TH                         ST,33.9721,-118.2608
1300    CHEROKEE                     AV,34.0944,-118.3352
1000 W  18TH                         ST,33.7279,-118.299
900    GRATTAN                      ST,34.0499,-118.2725
500 E  22ND                         ST,34.0268,-118.2619
3200    GLENN                        AV,34.0209,-118.21
1100 E  28TH                         ST,34.0168,-118.2558
700    WORLD WAY,33.9431,-118.401
3500    COPELAND                     PL,34.0857,-118.1655
8300    GLORIA                       AV,34.2213,-118.4809
13200    CANTARA                      ST,34.2198,-118.4201
YUCCA                        ST,34.1032,-118.3387
11000    CHANDLER                     BL,34.1681,-118.3704
13600    OTTOMAN                      ST,34.2283,-118.4286
2200 W  15TH                         ST,34.0453,-118.2864
11100    DENVER                       AV,33.9347,-118.2848
1100 S  NORTON                       AV,34.0515,-118.3219
8700    WHEATLAND                    AV,34.2278,-118.3622
1400    BUTLER                       AV,34.0484,-118.4544
6200    BANNER                       AV,34.0917,-118.3244
6400    10TH                         AV,33.9817,-118.3279
2300 W  FLORENCE                     AV,33.9746,-118.3188
300 W  70TH                         ST,33.9765,-118.2789
PACIFIC COAST,33.791,-118.2469
300 S  COCHRAN                      AV,34.0692,-118.3472
21600    TRIBUNE                      ST,34.2675,-118.6005
800 W  50TH                         PL,33.997,-118.2871
4000    WEST                         BL,34.0128,-118.3447
LOS FELIZ                    BL,34.117,-118.2717
7400 S  DENKER                       AV,33.9728,-118.3046
6900 S  FIGUEROA                     ST,33.9774,-118.2827
9400 S  CENTRAL                      AV,33.9509,-118.2546
4800    VALLEY                       BL,34.0659,-118.1802
1200    LA CIENEGA                   BL,34.0555,-118.3762
10500    RIVERSIDE                    DR,34.1522,-118.3593
2000    CAMBRIDGE                    ST,34.0446,-118.3003
TOPANGA CANYON,34.1732,-118.6152
2500    WELLINGTON                   RD,34.0332,-118.3375
15200    COBALT                       ST,34.3131,-118.4632
400 N  VENDOME                      ST,34.0767,-118.2791
400 E  95TH                         ST,33.9502,-118.2673
6400    YUCCA                        ST,34.1039,-118.3297
12600    VILLAGE                      LN,33.9779,-118.4142
10300 S  BROADWAY,33.9428,-118.2781
500    UNION                        DR,34.0587,-118.2678
10400    LARWIN                       AV,34.2589,-118.6137
1400 E  111TH                        PL,33.934,-118.2498
2400    MORENO                       DR,34.1047,-118.2687
1200 N  CAHUENGA                     BL,34.0925,-118.3288
9300    SUNLAND PARK                 DR,34.2397,-118.3661
2700    JAMES M WOOD                 BL,34.0559,-118.2868
8900    BURNET                       AV,34.2319,-118.4633
1600 W  45TH                         ST,34.0028,-118.3068
400 S  KINGSLEY                     DR,34.0672,-118.3028
300 E  59TH                         PL,33.9861,-118.2696
1600 E  OLYMPIC                      BL,34.0349,-118.2436
3600    CIMARRON                     ST,34.0228,-118.3156
2000    AVENUE OF THE STARS,34.0587,-118.4158
1300 S  BURLINGTON                   AV,34.0456,-118.2789
1000 S  ORANGE GROVE                 AV,34.0578,-118.3628
6200    PENFIELD                     AV,34.1818,-118.5676
12800    PAXTON                       ST,34.2865,-118.4161
8600    WILLIS                       AV,34.2266,-118.4553
12600    PIERCE                       ST,34.2758,-118.4052
700 S  BIXEL                        ST,34.0509,-118.2642
15300    DE PAUW                      ST,34.039,-118.5262
600    INDIANA                      AV,33.9962,-118.4694
100 E  3RD                          ST,34.0495,-118.2459
14000    LAKESIDE                     ST,34.321,-118.4381
4100    MARLTON                      AV,34.0102,-118.3404
1100 N  ARDMORE                      AV,34.0908,-118.3012
PERCY,34.0445,-118.2116
1100    MCDONALD                     AV,33.7845,-118.2714
900 W  65TH                         ST,33.9801,-118.2914
12900    WALSH                        AV,33.9869,-118.4301
15100    TAMARACK                     CT,34.239,-118.4618
200 S  OLIVE                        ST,34.0535,-118.2491
3800    POTOMAC                      AV,34.016,-118.346
VANOWEN                      ST,34.1938,-118.571
4100    GARTHWAITE                   AV,34.0094,-118.3231
200 N  AVE 55,34.1094,-118.1963
12100    BURBANK                      BL,34.1721,-118.3965
8500    MAMMOTH                      AV,34.2249,-118.4344
5800    SANTA MONICA                 BL,34.0944,-118.319
5200 N  SEPULVEDA                    BL,34.1649,-118.4661
5100    STANSBURY                    AV,34.1635,-118.4411
800    VIA DE LA PAZ,34.0448,-118.5277
20400    CANTARA                      ST,34.2191,-118.5771
18400    INGOMAR                      ST,34.212,-118.534
20600    LUGANO                       WY,34.2799,-118.5818
6300    PEACH                        AV,34.1848,-118.4675
700 S  LELAND                       ST,33.7379,-118.3012
1100 S  MUIRFIELD                    RD,34.0537,-118.3327
1100 W  VERNON                       AV,34.0037,-118.2938
SANFORD,33.7694,-118.2955
1000    TOWNE                        AV,34.0342,-118.2496
8100 N  SEPULVEDA                    PL,34.2181,-118.4664
1900    PARK GROVE                   AV,34.0363,-118.2762
500 W  CESAR E CHAVEZ               AV,34.0592,-118.2414
400 N  GRAND                        AV,34.0595,-118.2451
5800    HAAS                         AV,33.9891,-118.3167
5200    HARMONY                      AV,34.1649,-118.3665
800 W  52ND                         ST,33.9953,-118.2872
8400    HOLLYWOOD                    BL,34.0994,-118.3727
300 S  DETROIT                      ST,34.0683,-118.3451
100 W  IMPERIAL                     HY,33.9347,-118.2761
5500    MORGAN                       AV,33.993,-118.2446
1900    SAWTELLE                     BL,34.0425,-118.445
6600    DARBY                        AV,34.1902,-118.5335
VANOWEN,34.1939,-118.4313
1500 W  OLYMPIC                      BL,34.0484,-118.2724
1600 N  KINGSLEY                     DR,34.1,-118.3033
10200    RINCON                       AV,34.2558,-118.4275
1000    VINE                         ST,34.0889,-118.3266
9300    GLENOAKS                     BL,34.2429,-118.3887
1800 W  43RD                         ST,34.0055,-118.3113
2100    JOHN S GIBSON                BL,33.7795,-118.2715
3200    BLANCHARD                    ST,34.0464,-118.1933
1500 S  HAYWORTH                     AV,34.0499,-118.368
19100    DERWENT                      PL,34.296,-118.5502
12600    GARBER                       ST,34.2659,-118.4058
3000    LEEWARD                      AV,34.0587,-118.2891
19500    SHADOW GLEN CIR,34.293,-118.5599
1300    MAGNOLIA                     AV,34.0473,-118.2865
LEXINGTON,34.0926,-118.3245
400 W  20TH                         ST,33.7261,-118.2858
10900    ROSE                         AV,34.0242,-118.4183
4500    COLISEUM                     ST,34.0175,-118.346
7300    MEDICAL CENTER               DR,34.2035,-118.6294
11800    KATHYANN                     ST,34.2838,-118.3933
6400    HAAS                         AV,33.9818,-118.3168
9700    ZELZAH                       AV,34.2468,-118.5233
600 S  MANHATTAN                    PL,34.0625,-118.3104
5300    3RD                          AV,33.995,-118.3204
1300 E  48TH                         ST,34.0002,-118.2521
100 S  ARBOLES                      CT,33.7431,-118.2821
12900    DESMOND                      ST,34.2862,-118.4133
1800 S  LA BREA                      AV,34.0424,-118.3467
2700    BRIGHTON                     AV,34.0309,-118.3015
20400    ALBION                       WY,34.288,-118.5797
11500    MISSOURI                     AV,34.0408,-118.4479
3900    GLENFELIZ                    BL,34.1212,-118.2672
1000 W  50TH                         ST,33.9978,-118.2915
FLORENCE,33.9747,-118.2587
900 N  VENDOME                      ST,34.0823,-118.2755
11700    RUNNYMEDE                    ST,34.2057,-118.3878
14200    CHANDLER                     BL,34.1684,-118.4423
800 E  77TH                         ST,33.9694,-118.2608
8500    MULHOLLAND                   DR,34.1325,-118.3974
5900 W  CENTURY                      BL,33.9456,-118.3932
3500    GRAND VIEW                   BL,34.0118,-118.4365
25400    PINE CREEK                   LN,33.7911,-118.2849
1400 W  60TH                         ST,33.9859,-118.3002
8800    TOPANGA CANYON               BL,34.2299,-118.6033
1800 W  70TH                         ST,33.9762,-118.309
2800    COUNCIL                      ST,34.0721,-118.2785
4500    HUNTINGTON DR,34.0881,-118.1877
6500    WEST                         BL,33.9806,-118.3352
9600    SALOMA                       AV,34.245,-118.4579
3000    WESTWOOD                     BL,34.0306,-118.4209
5500    STROHM                       AV,34.17,-118.3594
FIGUEROA,33.9824,-118.2827
16100    CANTLAY                      ST,34.2022,-118.4837
300 W  49TH                         ST,33.9983,-118.2802
500 E  35TH                         ST,34.0145,-118.2658
6400    SELMA                        AV,34.0998,-118.3295
1200 S  GRAND                        AV,34.0401,-118.2633
400 S  COMMONWEALTH                 AV,34.0667,-118.2857
22100    ERWIN                        ST,34.1829,-118.6077
OAKWOOD,34.0773,-118.3092
2000    ROSCOMARE                    RD,34.1061,-118.4637
4500    ST CHARLES                   PL,34.0443,-118.3354
18300    COLLINS                      ST,34.1749,-118.5308
5700    OWENSMOUTH                   AV,34.1732,-118.6019
SATICOY                      AV,34.2084,-118.5347
8400    WILLIS                       AV,34.2231,-118.4553
1100    SUNSET VALE                  AV,34.0911,-118.3932
S  WESTERN                      AV,33.9888,-118.3089
4900    LINSCOTT                     PL,34.0198,-118.3522
1500 S  BUNDY                        DR,34.0405,-118.4633
3300    SAN FERNANDO                 RD,34.118,-118.2489
2900 S  HOOVER                       ST,34.028,-118.284
100 W  47TH                         ST,34.001,-118.274
100 W  53RD                         ST,33.9942,-118.274
300 S  MANHATTAN                    PL,34.069,-118.3104
DE SOTO                      AV,34.2282,-118.5885
7600    SALE                         AV,34.2083,-118.619
7200    LASAINE                      AV,34.2021,-118.5109
11700    WELBY                        WY,34.193,-118.3889
4400    11TH                         AV,34.0037,-118.3294
3000    7TH                          AV,34.0261,-118.3248
10200    TELFAIR                      AV,34.2554,-118.4169
6300 S  WESTERN                      AV,33.9824,-118.309
6800    MORELLA                      AV,34.1939,-118.39
400 E  43RD                         ST,34.0057,-118.2669
9200 N  SEPULVEDA                    BL,34.2369,-118.4675
1300 E  IMPERIAL                     HY,33.9323,-118.2502
700 N  CALIBURN                     DR,33.9573,-118.2629
100 W  77TH                         ST,33.9698,-118.2739
7700    EL CAPRICE                   AV,34.2105,-118.402
11700    SANTA MONICA                 BL,34.0435,-118.4565
100 W  78TH                         ST,33.9689,-118.2739
6800    ETIWANDA                     AV,34.1939,-118.5317
600 N  SPRING                       ST,34.0582,-118.2387
5700    WILSHIRE                     BL,34.0637,-118.3562
2700    FRANCIS                      AV,34.0569,-118.2842
4400    CARTWRIGHT                   AV,34.1504,-118.3631
UNK FOOTHILL,34.2758,-118.4052
7700    SATSUMA                      AV,34.2103,-118.3671
1300 N  BRONSON                      AV,34.0944,-118.318
3600    BARHAM                       BL,34.1362,-118.342
1600 S  HOLT                         AV,34.0496,-118.3791
500 W  43RD                         ST,34.0054,-118.2827
3900    GIBRALTAR                    AV,34.0161,-118.3547
6500    RESEDA                       BL,34.1847,-118.5441
1500 W  58TH                         PL,33.9883,-118.3024
1200 S  PLYMOUTH                     BL,34.0504,-118.3296
2400 S  SEPULVEDA                    BL,34.0364,-118.4346
1500 W  93RD                         ST,33.9519,-118.3025
3900    DEGNAN                       BL,34.0146,-118.3301
2000 W  8TH                          ST,34.0544,-118.2767
8300    WOODLAKE                     AV,34.2193,-118.6322
10600    INDEPENDENCE                 AV,34.2624,-118.5908
2400 N  BROADWAY,34.0736,-118.217
1300    CASIANO                      RD,34.0871,-118.4722
13800    RAYEN                        ST,34.2352,-118.4339
6400    DIX                          ST,34.1058,-118.3289
6500    5TH                          AV,33.9811,-118.3226
6500    GRAVES                       AV,34.1885,-118.5089
21800    LASSEN                       ST,34.25,-118.603
3100 S  HOPE                         ST,34.023,-118.2765
14300    SYLVAN                       ST,34.1847,-118.4443
6100    HAZELTINE                    AV,34.1837,-118.4443
500    RAMIREZ                      ST,34.055,-118.2321
1500 N  FAIRFAX                      AV,34.104,-118.3755
4000    MCCLUNG                      DR,34.0103,-118.3341
700 E  80TH                         ST,33.9665,-118.263
11700    WILSHIRE                     BL,34.0495,-118.4609
1400 W  11TH                         ST,34.0464,-118.2721
9700    AIRPORT                      BL,33.9472,-118.3909
5900    HAAS                         AV,33.9873,-118.3167
7800    IRVINE                       AV,34.2121,-118.3856
6100    WILSHIRE                     BL,34.063,-118.3614
300 N  MATHEWS                      ST,34.0447,-118.2075
2600    WILSHIRE                     BL,34.0605,-118.2814
14600    ROSCOE                       BL,34.2215,-118.4507
600 S  MAIN                         ST,34.0453,-118.2499
10500 S  MANHATTAN                    PL,33.9409,-118.3102
14600    PARTHENIA                    ST,34.2271,-118.4503
100 W  109TH                        ST,33.9374,-118.2739
7000    HAWTHORN                     AV,34.1004,-118.3414
700    EXPOSITION                   BL,34.0181,-118.2846
5300    CORTEEN                      PL,34.1667,-118.402
22400    DENKER                       AV,33.8234,-118.3038
1000 N  WESTERN                      AV,34.0885,-118.3092
200 W  66TH                         ST,33.9797,-118.2766
9600    RESEDA                       BL,34.2449,-118.5361
17300    CHASE                        ST,34.2231,-118.5098
5500    WESTLAWN                     AV,33.9793,-118.4139
700 W  COLDEN                       AV,33.9491,-118.2893
7000 N  SEPULVEDA                    BL,34.1975,-118.4662
12200    SHERMAN                      WY,34.201,-118.399
16500    ARMSTEAD                     ST,34.2822,-118.4912
900 N  MARTEL                       AV,34.0871,-118.3511
1000 E  43RD                         ST,34.0057,-118.2581
1000 N  HOOVER                       ST,34.0888,-118.2881
100 W  48TH                         ST,33.9992,-118.274
300 S  KINGSLEY                     DR,34.069,-118.3029
11600 W  OLYMPIC                      BL,34.0354,-118.4459
900 W  78TH                         ST,33.9688,-118.2894
2600    THORPE                       AV,34.091,-118.2277
300 N  AVENUE 52,34.1085,-118.2011
700    PARKMAN                      AV,34.079,-118.2758
18000    MARTHA                       ST,34.1731,-118.5239
900 S  NEW HAMPSHIRE                AV,34.056,-118.2929
700    HALLIDAY                     AV,34.0743,-118.4776
8200    RAMSGATE                     AV,33.9645,-118.3825
6100    ROMAINE                      ST,34.0889,-118.3244
1800 S  GAFFEY                       ST,33.7279,-118.2924
5300    RUTHELEN                     ST,33.9939,-118.3126
1800 S  FAIRFAX                      AV,34.0431,-118.3692
2300    WESTWOOD                     BL,34.0424,-118.4305
200 W  99TH                         ST,33.9465,-118.2766
2100 E  105TH                        ST,33.9406,-118.2336
100 W  7TH                          ST,34.0446,-118.2507
8400 S  VERMONT                      AV,33.9611,-118.2917
500 W  COLDEN                       AV,33.9492,-118.2827
400 S  SAN PEDRO                    ST,34.0455,-118.2432
6800    RHEA                         AV,34.1938,-118.5415
1000 W  67TH                         ST,33.9785,-118.2919
5200 S  WESTERN                      AV,33.9951,-118.3089
1300 S  MESA                         ST,33.7324,-118.2858
5400    TYRONE                       AV,34.1686,-118.4443
4000    NICOLET                      AV,34.0171,-118.3531
1200 S  LA JOLLA                     AV,34.055,-118.3733
11900    RIVERSIDE                    DR,34.1576,-118.3921
BESSEMER,34.1812,-118.4356
15200    SUNBURST                     ST,34.2345,-118.4643
18400    BURBANK                      BL,34.1718,-118.5338
13100    BORDEN                       AV,34.3082,-118.4441
20400    SHAMROCK                     PL,34.2649,-118.5791
100 S  BERENDO                      ST,34.0727,-118.2942
6900    ATOLL                        AV,34.1958,-118.4203
6400 S  BROADWAY,33.9789,-118.2795
11400    CHANDLER                     BL,34.1681,-118.379
19500    LEADWELL                     ST,34.2035,-118.5579
1800    ARAPAHOE                     ST,34.0418,-118.2852
1600    256TH                        ST,33.7915,-118.3043
2100 E  114TH                        ST,33.9315,-118.2349
1100 S  HIGHLAND                     AV,34.0557,-118.3406
1100 W  24TH                         ST,33.7225,-118.3013
12000    HESBY                        ST,34.1622,-118.3943
5800    LAUREL CANYON                BL,34.1797,-118.4014
9000    TOBIAS                       AV,34.2336,-118.4517
7200 W  MANCHESTER                   AV,33.9599,-118.4237
6600    ATOLL                        AV,34.1899,-118.4189
3300 W  60TH                         ST,33.9872,-118.3277
20300    ARMINTA                      ST,34.2132,-118.5754
4200    ELMER                        AV,34.145,-118.3768
700 W  182ND                        ST,33.8696,-118.2863
1700 W  64TH                         ST,33.9814,-118.3068
1100 S  BEVERLY                      DR,34.0571,-118.3967
4900 S  SLAUSON                      AV,33.9949,-118.4089
100 W  98TH                         ST,33.9472,-118.2739
3700    VETERAN                      AV,0.0,0.0
1500    OAK GROVE                    DR,34.1312,-118.1997
100 E  73RD                         ST,33.9738,-118.2739
1000    LORD                         ST,34.0577,-118.2134
11800    PEORIA                       ST,34.2312,-118.3903
1900    MIRAMAR                      ST,34.0632,-118.2693
600    WALL                         ST,34.0435,-118.2471
6200 S  DENKER                       AV,33.979,-118.3112
2200 W  8TH                          ST,34.0554,-118.2789
6700    BRYNHURST                    AV,33.9781,-118.3338
9200    ENCINO                       AV,34.2377,-118.5156
13300    DRONFIELD                    AV,34.3129,-118.4438
800 E  116TH                        ST,33.9292,-118.2604
1100 S  VERMONT                      AV,34.0499,-118.2879
700 S  UNION                        AV,34.0531,-118.2738
5100    LAUREL CANYON                BL,34.1613,-118.4008
MAIN                         ST,33.988,-118.4703
9300 S  CENTRAL                      AV,33.9518,-118.2554
6700    MURIETTA                     AV,34.1917,-118.4389
10100    WILMINGTON                   AV,33.9446,-118.2391
25000    FRAMPTON                     AV,33.7978,-118.2999
6600    TOPANGA CANYON               BL,34.1904,-118.6059
6900    KNOWLTON                     PL,33.975,-118.3713
200 E  6TH                          ST,34.0448,-118.2474
1900 W  COURT                        ST,34.0682,-118.2663
10100    HADDON                       AV,34.2537,-118.421
11000    MAGNOLIA                     BL,34.1667,-118.3702
10300    VARIEL                       AV,34.2572,-118.5929
7600 S  FIGUEROA                     ST,33.9708,-118.2827
1600    CHASTAIN PKWY,34.0755,-118.5479
16900    BLACKHAWK                    ST,34.2589,-118.5006
6900    OWENSMOUTH                   AV,34.1956,-118.6015
11600    GLADSTONE                    AV,34.2808,-118.396
600 E  5TH                          ST,34.0438,-118.2416
11500    CALVERT                      ST,34.1812,-118.3817
8600 S  SEPULVEDA                    BL,33.9598,-118.3962
11100    AQUA VISTA                   ST,34.145,-118.3725
7100    ALVERN                       ST,33.9752,-118.3772
5600    LAUREL CANYON                BL,34.1797,-118.4014
5600    CALVIN                       AV,34.1794,-118.5557
4200 W  1ST                          ST,34.0737,-118.3029
300 E  5TH                          ST,34.0453,-118.2443
16200    VENTURA                      BL,34.1568,-118.4864
5000    DENKER                       AV,33.9994,-118.3108
17200    RAYMER                       ST,34.2243,-118.507
4700    BEN                          AV,34.1558,-118.3943
400    CORONADO                     TR,34.0721,-118.2723
18300    HATTERAS                     ST,34.1774,-118.5308
200 S  CENTRE                       ST,33.7424,-118.2836
2200    CHELAN                       DR,34.113,-118.3473
400 S  BURLINGTON                   AV,34.0605,-118.2695
6300    WOODLEY                      AV,34.1822,-118.4836
5900 W  OLYMPIC                      BL,34.0575,-118.3599
5100    COLFAX                       AV,34.1649,-118.3921
10400 S  HOOVER                       ST,33.9423,-118.287
300 W  3RD                          ST,34.051,-118.248
16700    KINZIE                       ST,34.2485,-118.4965
11200    SOUTHWEST                    BL,33.9334,-118.2886
8400    TOPANGA CANYON               BL,34.2224,-118.606
700 W  73RD                         ST,33.9736,-118.2858
700 S  CATALINA                     ST,34.0598,-118.2954
100 S  MOUNTAIN VIEW                AV,34.0648,-118.2708
UNKNOWN,34.306,-118.4413
9700    SAN FERNANDO                 RD,34.2471,-118.401
1100 S  KENMORE                      AV,34.0509,-118.2968
2600 S  PECK                         AV,33.7206,-118.2916
7600    RUDNICK                      AV,34.2086,-118.6121
10900    EL DORADO                    AV,34.2677,-118.4269
3700    WILSHIRE                     BL,34.0617,-118.3066
3200    OVERLAND                     AV,34.0265,-118.4184
21700    VENTURA                      BL,34.1683,-118.6007
1300 N  SERRANO                      AV,34.095,-118.307
19000    BRYANT                       ST,34.2272,-118.5471
17900    ROSCOE                       BL,34.2248,-118.5151
5000 S  SLAUSON                      AV,33.9943,-118.408
20200    HARTLAND                     ST,34.1947,-118.5737
900 W  41ST                         ST,34.0092,-118.29
6000    WILSHIRE                     BL,34.0627,-118.3593
2300    FERNLEAF                     ST,34.0875,-118.2319
AETNA,34.1803,-118.4204
7500    WOODMAN                      PL,34.2071,-118.4298
900    FRANCISCO                    ST,33.8498,-118.2929
2600 W  7TH                          ST,34.059,-118.2824
23000    LEONORA                      DR,34.1658,-118.6273
7300 S  DENKER                       AV,33.9735,-118.3046
11600    VENTURA                      BL,34.1403,-118.3848
1400 S  FLOWER                       ST,34.0388,-118.2677
9300    CROESUS                      AV,33.9487,-118.2392
100    CATAMARAN                    ST,33.9781,-118.4644
5800    VAN NUYS                     BL,34.1766,-118.4589
5400    FOUNTAIN                     AV,34.0966,-118.3049
3000    INGLEWOOD                    BL,34.0215,-118.441
3000    WYNWOOD                      LN,34.0248,-118.2139
12500    BURBANK                      BL,34.1721,-118.4053
5400    SAN VICENTE                  BL,34.0531,-118.3524
4100 W  60TH                         ST,33.9853,-118.3464
20500    LASSEN                       ST,34.25,-118.5798
7000    LANEWOOD                     AV,34.0992,-118.3414
1700    256TH                        ST,33.7915,-118.3077
100 E  95TH                         ST,33.9501,-118.2739
1800 E  4TH                          ST,34.0453,-118.2197
1800 W  49TH                         ST,33.999,-118.3133
3300 W  74TH                         ST,33.9727,-118.3299
10100    BEACH                        ST,33.945,-118.2413
1500    CAMBRIA                      ST,34.0523,-118.2699
6800    NEWCASTLE                    AV,34.1948,-118.5253
1500 W  220TH                        ST,33.828,-118.3038
900    CALZONA                      ST,34.0243,-118.1931
7300    VARIEL                       AV,34.2029,-118.5928
300    SAN FERNANDO                 RD,34.0768,-118.2228
800 E  28TH                         ST,34.019,-118.2606
8600    HERRICK                      AV,34.2273,-118.3686
5400 W  76TH                         ST,33.9678,-118.3742
1400    BAYPOINT                     AV,33.7926,-118.2586
2100    WHITTIER                     BL,34.0362,-118.2199
7600    DALTON                       AV,33.9709,-118.3035
5000    COLISEUM                     ST,34.0183,-118.3536
7000    SUNNYCREST                   TL,34.2539,-118.2843
800 S  GAFFEY                       ST,33.737,-118.2923
700 E  108TH                        ST,33.9383,-118.263
2100 E  CENTURY                      BL,33.9463,-118.235
13700    JUDD                         ST,34.2632,-118.431
12700    ENCINITAS                    AV,34.3008,-118.4749
4500    CONCHITA                     WY,34.1521,-118.5594
11000    VALERIO                      ST,34.2048,-118.3703
3400    SCARBORO                     ST,34.1036,-118.2267
1100    VENICE                       BL,33.9947,-118.4517
6600 S  BROADWAY,33.9789,-118.2795
25600    MARIGOLD                     AV,33.7862,-118.2908
5200 S  MAIN                         ST,33.9924,-118.2772
5600    CLEMSON                      ST,34.0238,-118.3669
200 W  49TH                         ST,33.9983,-118.2762
4100    ELMER                        AV,34.143,-118.3768
PASEO LUIS OLIVARES,34.0615,-118.2412
109TH,33.9374,-118.2784
5800    CRENSHAW                     BL,33.989,-118.3308
12300    OSBORNE                      ST,34.2647,-118.4019
13800    COHASSET                     ST,34.2066,-118.4341
3400    WHITTIER                     BL,34.0276,-118.2005
100    WINSTON                      ST,34.0476,-118.2477
22100    LONDELIUS                    ST,34.229,-118.6084
11000    QUILL                        AV,34.2692,-118.3166
3100 S  BARRINGTON                   AV,34.0167,-118.4382
6300 W  5TH                          ST,34.0678,-118.3645
5300    YARMOUTH                     AV,34.167,-118.5203
1700 N  SYCAMORE                     AV,34.1015,-118.3434
10300 S  MAIN                         ST,33.9429,-118.2739
20900    GRESHAM                      ST,34.2306,-118.5885
67TH                         ST,33.9784,-118.263
6400    BALBOA                       BL,34.1866,-118.5011
3200    MOTOR                        AV,34.031,-118.411
10900    BLOOMFIELD                   ST,34.1493,-118.3682
1700    SUNSET PLAZA                 DR,34.0986,-118.388
12000    SUSAN                        DR,34.288,-118.4971
16700    PARTHENIA                    ST,34.2285,-118.4958
2000    4TH                          AV,34.0385,-118.3213
14900    VANOWEN                      ST,34.1976,-118.4574
6100    RADFORD                      AV,34.1812,-118.3921
1700    CANYON                       DR,34.1028,-118.3158
103RD                        ST,33.9428,-118.2784
2600    NAOMI                        AV,34.0177,-118.2525
3200 W  PICO                         BL,34.0472,-118.3116
15200    NURMI                        ST,34.2966,-118.4644
8800    BLUFFDALE                    DR,34.2286,-118.3608
12900    JOLETTE                      AV,34.3045,-118.5155
200 W  93RD                         ST,33.9519,-118.2762
11000    OTSEGO                       ST,34.163,-118.3706
1800 S  ST ANDREWS                   PL,34.0408,-118.3115
1200 W  56TH                         ST,33.9915,-118.2959
10500    WOODLEY                      AV,34.261,-118.4848
5700    MATILIJA                     AV,34.1739,-118.4334
6200 W  SUNSET                       BL,34.098,-118.3237
900 E  15TH                         ST,34.0293,-118.2526
16500    VANOWEN                      ST,34.1939,-118.4924
700 W  CENTURY                      BL,33.9455,-118.287
20400    BIRMINGHAM                   WY,34.2831,-118.5807
3600 S  NORMANDIE                    AV,34.0228,-118.3002
3RD,34.0495,-118.2459
5700 W  6TH                          ST,34.0649,-118.3525
1800    INDUSTRIAL                   ST,34.0358,-118.2345
1800 N  ALEXANDRIA                   AV,34.1036,-118.2983
17000    HAYNES                       ST,34.1894,-118.5074
3000 S  VERMONT                      AV,34.0275,-118.2915
FEDORA                       ST,34.0509,-118.2979
300 S  CURSON                       AV,34.0688,-118.3552
8300    AVALON                       BL,33.9637,-118.2651
200 N  CARONDELET                   ST,34.0702,-118.2741
14500    LANARK                       ST,34.2184,-118.4547
6600    VAN NUYS                     BL,34.1903,-118.4399
400 S  BURNSIDE                     AV,34.0662,-118.3506
23300    KESWICK                      ST,34.2102,-118.6355
600 N  PLYMOUTH                     BL,34.0817,-118.3206
7500    YARMOUTH                     AV,34.2068,-118.5197
17900    HIAWATHA                     ST,34.2591,-118.5233
9300    GLADE                        AV,34.2393,-118.609
1500 W  84TH                         PL,33.9618,-118.3025
4000    GLENCOE                      AV,33.9918,-118.4446
4700    WALL                         ST,34.0011,-118.2718
20000    VENTURA                      BL,34.1719,-118.5682
200 E  55TH                         ST,33.9924,-118.272
SLAUSON                      AV,33.9892,-118.3089
1600    COSMO                        ST,34.0998,-118.3288
3800    NORTON                       AV,34.0171,-118.3329
800 N  LA FAYETTE PARK              PL,34.0795,-118.2729
7900    WILLIS                       AV,34.2184,-118.4547
18500    HATTERAS                     ST,34.1775,-118.536
900 E  IMPERIAL                     HY,33.9309,-118.2586
21400    PLUMMER                      ST,34.2427,-118.5976
1700    PALISADES                    DR,34.0764,-118.5628
300 W  75TH                         ST,33.9718,-118.2783
1400 W  215TH                        ST,33.8335,-118.3017
13300    GRIDLEY                      ST,34.3063,-118.423
2100 W  CENTURY                      BL,33.9455,-118.3093
300    KING                         AV,33.7731,-118.2749
1600 N  LAUREL                       AV,34.0999,-118.3643
800    NEW DEPOT                    ST,34.0645,-118.2432
1600    CAMDEN                       AV,34.0487,-118.4426
1600 W  219TH                        ST,33.8291,-118.3065
6300    WILSHIRE                     BL,34.0634,-118.3657
16800    SAN FERNANDO MISSION         BL,34.272,-118.4978
4000 S  HARVARD                      BL,34.0109,-118.3067
5700 W  CENTURY                      BL,33.9456,-118.3797
1700 N  GOWER                        ST,34.1017,-118.3224
4800 W  SUNSET                       BL,34.0982,-118.294
5100    CRENSHAW                     BL,33.996,-118.3309
4100    BUCKINGHAM                   RD,34.0121,-118.3423
100 W  91ST                         ST,33.9537,-118.2739
8400 S  MAIN                         ST,33.9628,-118.2739
6200    REID                         ST,34.2485,-118.2671
18500    BURBANK                      BL,34.1723,-118.536
1500    MURCHISON                    ST,34.0593,-118.1959
100 S  POINSETTIA                   PL,34.0736,-118.3486
100 W  71ST                         ST,33.9756,-118.2739
11100    CHANDLER                     BL,34.1681,-118.3725
1000    MONTECITO                    DR,34.088,-118.1998
100 S  FIGUEROA                     ST,34.0569,-118.254
7600    LOUISE                       AV,34.2147,-118.5142
4600    MORRO                        DR,34.1537,-118.5905
1500 S  ST ANDREWS                   PL,34.0454,-118.3134
700 E  56TH                         ST,33.9916,-118.2628
14300    TUPPER                       ST,34.2389,-118.4449
1100 S  WESTLAKE                     AV,34.0491,-118.2823
600 N  HILL                         PL,34.0599,-118.2426
22100    CLARENDON                    ST,34.1696,-118.6102
GRAND                        AV,33.964,-118.2739
2500    PACIFIC                      AV,33.9826,-118.4681
3200 W  78TH                         PL,33.9682,-118.3287
3800    SANTA ROSALIA                DR,34.0104,-118.3398
9200    LA SALLE                     AV,33.9527,-118.3058
500 N  KINGSLEY                     DR,34.0799,-118.3034
600    MILO                         TR,34.1122,-118.2077
10800    BETTY LOU                    LN,34.266,-118.3004
600    ROSE                         AV,33.9991,-118.4721
1900 S  SANTA ANA                    BL,33.9399,-118.2362
12400    ALLIN                        ST,33.9884,-118.4177
7100    WOODLEY                      AV,34.1994,-118.4837
11800    DARLINGTON                   AV,34.0513,-118.4659
1200 S  HOPE                         ST,34.0408,-118.2644
4700    TEMPLETON                    ST,34.0821,-118.1811
3500    ARROYO SECO                  AV,34.0878,-118.2151
300 S  ORANGE                       DR,34.0689,-118.3419
20500    LEADWELL                     ST,34.2039,-118.5808
7200    TYRONE                       AV,34.2012,-118.4444
2100 W  94TH                         PL,33.9505,-118.3154
8900    WINNETKA                     AV,34.2318,-118.5711
20300    HAMLIN                       ST,34.1907,-118.5753
7500    OSTROM                       AV,34.2062,-118.5076
16000    SAN FERNANDO MISSION         BL,34.2754,-118.4782
3000    ROSWELL                      ST,34.1141,-118.2451
14000    ASTORIA                      ST,34.312,-118.4382
11000    ARMINTA                      ST,34.2139,-118.3703
1100 E  52ND                         ST,33.996,-118.2565
2000 S  SHERBOURNE                   DR,34.0414,-118.3825
800    MILLMARK GROVE               ST,33.7596,-118.2953
1600 N  WILMINGTON                   BL,33.7897,-118.2787
6000 S  MAIN                         ST,33.9851,-118.2739
200 N  GRAND                        AV,33.7442,-118.2901
11000    NORRIS                       AV,34.2704,-118.4162
500 S  WESTERN                      AV,34.0642,-118.3091
8500    APPIAN                       WY,34.1074,-118.3786
3100 W  59TH                         PL,33.9863,-118.3264
2700    HOOPER                       AV,34.0157,-118.2509
8900 S  HARVARD                      BL,33.9563,-118.3069
900 W  54TH                         ST,33.9932,-118.2897
9900    SEPULVEDA                    BL,34.2537,-118.4698
3400    RIVERSIDE                    DR,34.1161,-118.271
6800    KESTER                       AV,34.1939,-118.4574
1500 E  55TH                         ST,33.993,-118.2478
200 W  75TH                         ST,33.9718,-118.2765
3700 W  PICO                         BL,34.0495,-118.3215
400 W  16TH                         ST,33.7297,-118.2858
8400    DE SOTO                      AV,34.2222,-118.5885
5900    BURCHARD                     AV,34.0365,-118.3734
6900 S  MAIN                         ST,33.9786,-118.2761
300    VIA DE LA PAZ,34.0363,-118.5298
6000    BELLAIRE                     AV,34.1794,-118.4094
8500    DE SOTO                      AV,34.2246,-118.5885
13300    TERRA BELLA                  ST,34.2552,-118.4225
900    MCGARRY                      ST,34.0284,-118.24
31ST                         ST,33.9993,-118.2432
4700    VISTA DEL MONTE              AV,34.1558,-118.4498
4100    VANETTA                      PL,34.1395,-118.4051
500 S  SPRING                       ST,34.0467,-118.252
13500    MERCER                       ST,34.2653,-118.4269
19200    SATICOY                      ST,34.2143,-118.5534
3000 W  OLYMPIC                      BL,34.0526,-118.3004
21600    DEVONSHIRE                   ST,34.2607,-118.6025
15300    HATTERAS                     ST,34.1757,-118.4662
11000    AVALON                       BL,33.9356,-118.2652
W  69TH                         ST,33.9774,-118.2783
10100    TABOR                        ST,34.0269,-118.4037
5000    OBAMA                        BL,34.0215,-118.3515
100 S  NORMANDIE                    AV,34.0726,-118.3029
200 W  47TH                         ST,34.001,-118.2766
VERMONT,34.0344,-118.2915
1500 N  FRIES                        AV,33.7932,-118.2659
1400    REEVES                       ST,34.0553,-118.3965
900 S  SERRANO                      AV,34.0559,-118.3066
1700 W  FLORENCE                     AV,33.9746,-118.3068
3000    11TH                         AV,34.0276,-118.3293
1000 W  38TH                         ST,34.0169,-118.2915
20300    STAGG                        ST,34.2107,-118.5754
24000    STRATHERN                    ST,34.215,-118.6503
4600    HOOPER                       AV,33.9994,-118.2543
12000    KESWICK                      ST,34.2103,-118.3943
3100 S  CANFIELD                     AV,34.0326,-118.3941
6200 S  VAN NESS                     AV,33.9818,-118.3221
1600 N  OGDEN                        DR,34.0999,-118.3594
600 W  46TH                         ST,34.0017,-118.2838
7600    WINNETKA                     AV,34.212,-118.5754
4300    WILKINSON                    AV,34.1486,-118.4042
12800    VICTORY                      BL,34.1867,-118.4117
1000 W  39TH                         PL,34.0142,-118.2915
800 N  CAHUENGA                     BL,34.0853,-118.3288
5400    SANTA MONICA                 BL,34.0929,-118.3048
4500    BEVERLY                      BL,34.0799,-118.3068
10100    COURTNEY                     ST,33.9451,-118.2482
1100    GORDON                       ST,34.0908,-118.3201
2400 S  SHENANDOAH                   ST,34.0394,-118.385
100 W  1ST                          ST,34.0522,-118.2434
1300 N  ORANGE                       DR,34.0943,-118.3415
4100    CLINTON                      ST,34.0818,-118.2917
3900    TRACY                        ST,34.1072,-118.277
11200 S  LA CIENEGA                   BL,33.9322,-118.37
13100    REEDLEY                      ST,34.2273,-118.4207
6700    RIVERTON                     AV,34.1922,-118.366
8200    ALLOTT                       AV,34.2198,-118.4278
2300 W  2ND                          ST,34.0667,-118.2729
1300 N  SIERRA BONITA                AV,34.0981,-118.3577
DONA PEGITA                  DR,34.1317,-118.3806
900    ELDER                        CT,34.1226,-118.1753
1200    WOODRUFF                     AV,34.0647,-118.43
4000    GELBER                       PL,34.0133,-118.3487
7500    CRENSHAW                     BL,33.9718,-118.3309
300 E  93RD                         ST,33.9542,-118.2684
10000 S  WESTERN                      AV,33.9455,-118.309
19300    ROMAR                        ST,34.2552,-118.5551
6000    DE SOTO                      AV,34.1792,-118.5904
20000    PRAIRIE                      ST,34.2392,-118.5696
18400    LEMARSH                      ST,34.2554,-118.5361
15500 S  VERMONT                      AV,33.8907,-118.2916
6300    GOODLAND                     AV,34.1849,-118.412
00    WESTMINSTER                  AV,33.9888,-118.4746
4000    VIA MARISOL,34.0935,-118.1856
8800    MURIETTA                     AV,34.23,-118.442
1600 N  FULLER                       AV,34.0998,-118.349
8200 S  FIGUEROA                     ST,33.9645,-118.2827
14600    TUNDRA                       DR,34.2944,-118.451
100 S  VERMONT                      AV,34.0709,-118.2941
7500    GAVIOTA                      AV,34.2066,-118.4815
1900    BLAKE                        AV,34.0983,-118.2436
1300    ALLISON                      AV,34.073,-118.2513
8700    DE SOTO                      AV,34.2286,-118.5885
3900 W  6TH                          ST,34.0635,-118.311
12300    BURBANK                      BL,34.1797,-118.4014
5500 W  SUNSET                       BL,34.0981,-118.3103
800 S  BERENDO                      ST,34.0577,-118.2941
10900    BURBANK                      BL,34.1758,-118.3643
900    BEL AIR                      RD,34.0894,-118.4418
3800 W  MONT CLAIR                   ST,34.0328,-118.323
5000    ECHO                         ST,34.1039,-118.2014
14000    ARCHWOOD                     ST,34.193,-118.4378
500 S  GRAND VIEW                   ST,34.0613,-118.2765
13600    DE GARMO                     AV,34.3184,-118.467
14600    CALVERT                      ST,34.1817,-118.4509
3700    GREENFIELD                   AV,34.0172,-118.4148
11900    WESTMINSTER                  AV,34.0123,-118.4328
900 S  HARVARD                      BL,34.0559,-118.3042
400 W  80TH                         ST,33.9669,-118.2813
18800    RAYEN                        ST,34.2319,-118.5425
3500    SAN MARINO                   ST,34.0564,-118.3131
5000    LANKERSHIM                   BL,34.1611,-118.3723
8100    ETIWANDA                     AV,34.2177,-118.5317
11600    SHELDON                      ST,34.2457,-118.385
1200    BROCKTON                     AV,34.046,-118.4652
6300    HOLLYWOOD                    BL,34.1034,-118.3325
4100    LEIMERT                      BL,34.0098,-118.3242
10500    HADDON                       AV,34.2612,-118.4288
2000 S  ROBERTSON                    BL,34.0423,-118.3873
